MANIFESTAÇÃO,DATA DA ENTRADA,DATA DA RESPOSTA,TEOR,RESPOSTA
1,08/01/15,09/01/15,"Gostaria de obter informações sobre um possível concurso do MP/ PIAUÍ . E ainda, há quantas vagas ociosas para técnico e analista judiciário (área judiciária) ?Agradeço, desde já.","Comunicamos que segundo informações advindas do setor de Recursos Humanos deste Ministério, o concurso foi prorrogado até o mês de abril de 2016. A quantidade de cargos providos e vagos de Analista é: - Existentes: 74 - Providos: 73. A quantidade de cargos providos e vagos de Técnico é: - Existentes: 193 - Providos: 139.
 
 Em caso de dúvidas a senhora deverá entrar em contato, diretamente, com o referido setor, através do endereço: rua Álvaro Mendes, nº 2294, centro, cep 64000-060, telefone (86) 3216-4550, ramal 4585, Teresina- PI."
2,20/01/15,20/01/15,"Solicitação de informações através de preenchimento de questionário sobre unidade administrativa na estrutura organizacional do Ministério Público do Estado do Piauí que atue com do Governança de Tecnologia da Informação. 
 Prezado(a) Senhor(a) Coordenador(a)
 Coordenadoria de Tecnologia da Informação - MP-PI
  
 
 Informamos que no Tribunal Regional do Trabalho da 9a Região (Estado do Paraná) encontra-se em fase de estruturação o Núcleo de Governança e Gestão de TIC, unidade vinculada diretamente à Direção Geral deste Tribunal.
 
 Buscando conhecer experiências advindas da atuação na área de Governança de TIC nesse Órgão, solicitamos cordialmente o compartilhamento de algumas informações sobre o tema, oportunidade em que relacionamos as questões seguintes:
 Obs.: o questionário abaixo poderá ser respondido diretamente na planilha em anexo e enviada por email também na forma de anexo.
  
 1. Há uma unidade administrativa (núcleo, seção, etc.) individualizada na estrutura organizacional desse Órgão que atue especificamente na área de Governança de TIC ?
 
 2. Dados da unidade responsável pela Governança de TIC nesse Órgão?
 Obs.: caso não haja uma unidade individualizada cuja função específica seja a atuação na área de Governança de TIC, favor informar os dados da área responsável
 a) Nome da unidade:
 b) Nome do servidor responsável pela unidade:
 c) Telefone da unidade:
 d) Email para contato:
 e) Quantidade de servidores que atuam exclusivamente na unidade:
 f) Qual a subordinação direta da unidade administrativa dentro do organograma do Órgão?
 g) Qual o link de acesso ao organograma do Órgão? Caso o organograma não esteja disponível para acesso online, seria possível nos fornecer o arquivo?
 h) A unidade administrativa possui subdivisões? Caso positivo, quais?
 i) Link do site da área (interno/externo):
 
 3. Há regulamento que institui a Governança de TIC nesse Órgão? Caso positivo, há possibilidade de nos fornecer o documento ou o link de acesso?
  
 4. Há política de implantação de Governança de TIC nesse Órgão? Caso positivo, há possibilidade de nos fornecer o documento ou o link de acesso?
 
 5. Já foi elaborado um PETIC cujo período de abrangência compreenda o ano de 2015 e seguintes?
 
 6. Qual o período de abrangência do PETIC vigente?
 
 7. O PETIC foi elaborado:
 a) pela unidade individualizada cuja função específica seja a atuação na área de Governança de TIC;
 b) por outra unidade administrativa. Qual o nome da unidade?
 
 8. Qual o período de abrangência do PDTIC vigente?
  
 9. Há repositório normativo nesse órgão? Em caso positivo, há possibilidade de nos fornecer o link de acesso?
  
 10. Alguma outra informação relevante (inclusive algum conjunto de boas práticas) que queira registrar sobre a Governança de TIC ?
 
 No aguardo de possível resposta ao questionário acima, desde já externamos nossos agradecimentos e colocamo-nos à disposição para compartilhar nossas experiências.","Encaminhado Memorando de nº 001/2015 à Coordenação de tecnologia da Informação do MPPI, com a solicitação da informação. Dia 30/01/2015 foi recebido através de e-mail encaminhado pela Coordenadora de Tecnologia da informação do MPPI o questionário respondido com as informações solicitadas pelo manifestante. Foi informado ainda a existência do Comitê Estratégico de Tecnologia da Informação constante no âmbito do MPPI. 
 
 1. Há uma unidade administrativa (núcleo, seção, etc.) individualizada na estrutura organizacional desse Órgão que atue especificamente na área de Governança de TIC ?
 A Governança de TI no MP-PI se faz através do Comitê Estratégico de TI
 
 2. Dados da unidade responsável pela Governança de TIC nesse Órgão?
 Obs.: caso não haja uma unidade individualizada cuja função específica seja a atuação na área de Governança de TIC, favor informar os dados da área responsável
 Como não há uma unidade, é apenas um Comitê este é composto por 4 Promotores e 1 servidor. A presidente do Comitê é Dra Carmelina, os outros membros são compostos pelo Chefe de Gabinete da Procuradora-Geral de Justiça, Assessor de Planejamento Estratégico e Corregedoria. A servidora é a Coordenadora de TI deste órgão.
 
 Qualquer informação a Coordenadora de TI pode estar explicando melhor, contato telefonico: 86 3216-4550/ Ramal: 4807
 
 a) Nome da unidade:
 b) Nome do servidor responsável pela unidade:
 c) Telefone da unidade:
 d) Email para contato:
 e) Quantidade de servidores que atuam exclusivamente na unidade:
 f) Qual a subordinação direta da unidade administrativa dentro do organograma do Órgão?
 g) Qual o link de acesso ao organograma do Órgão? Caso o organograma não esteja disponível para acesso online, seria possível nos fornecer o arquivo?
 h) A unidade administrativa possui subdivisões? Caso positivo, quais?
 i) Link do site da área (interno/externo):
 
 3. Há regulamento que institui a Governança de TIC nesse Órgão? Caso positivo, há possibilidade de nos fornecer o documento ou o link de acesso?
 Não
 4. Há política de implantação de Governança de TIC nesse Órgão? Caso positivo, há possibilidade de nos fornecer o documento ou o link de acesso?
 Sim. A Política de implantação de Governança está dentro do documento de Planejamento Estratégico da Instituição: http://www.google.com.br/url?sa=t&rct=j&q=&esrc=s&source=web&cd=1&cad=rja&uact=8&ved=0CB8QFjAA&url=http%3A%2F%2Fwww.mp.pi.gov.br%2Finternet%2Fphocadownload%2Fplanejamento%2FPlano%2520Estrategico%25202010-2022.pdf&ei=0lzLVImqPIKvggTr7YD4Aw&usg=AFQjCNGwm58rXj9p5a5iLYfRDSSgVG7h1A&sig2=uriHverlVjJqZoWvqYaUjA&bvm=bv.84607526,d.eXY
 5. Já foi elaborado um PETIC cujo período de abrangência compreenda o ano de 2015 e seguintes?
 O Plano Estratégico de TI para 2015 ainda não foi traçado, será feito levantamento das demandas e orçamento para se fazer o planejamento.
 
 6. Qual o período de abrangência do PETIC vigente?
 PETIC 2014
 
 7. O PETIC foi elaborado:
 a) pela unidade individualizada cuja função específica seja a atuação na área de Governança de TIC;
  Pelo Comitê Estratégico de TI
 b) por outra unidade administrativa. Qual o nome da unidade?
 
 8. Qual o período de abrangência do PDTIC vigente?
 Não há Plano Diretor
  
 9. Há repositório normativo nesse órgão? Em caso positivo, há possibilidade de nos fornecer o link de acesso?
 Sim. http://www.mppi.mp.br/internet/index.php?option=com_content&view=category&layout=blog&id=242&Itemid=133"
3,25/02/15,02/03/15,"Gostaria de saber se há previsão para a realização de concurso para estágio na área de Direito no MPE PI. E, caso positivo, há uma dataaproximada? Há um quantitativo de vagas previsto?","De acordo com informação do setor de Recursos Humanos do MP/PI, há previsão de um novo processo seletivo para estagiários aindapara o 1º semestre de 2015. Não há, no entanto, previsões de data e de vagas."
4,16/03/15,07/04/15,"Com base na Lei 12.527/2011 gostaria de obter os dados sobre a remuneração e proventos percebidos por todos os membros e servidoresativos, inativos, pensionistas e colaboradores do Ministério Público do Piauí, incluindo as indenizações e outros valores pagos a qualquertítulo, bem como os descontos legais, com identificação individualizada do beneficiário e da unidade na qual efetivamente presta serviços,na forma do Anexo I do Art 7º, VII da Resolução CNMP 89/2012.Solicito as planilhas mensais dos anos de 2012, 2013 e 2014 em formato processável por máquina de modo que seja possível somar everificar o valor anual dos dados mencionados acima, identificando nominalmente membros e servidores ativos, inativos, pensionistas ecolaboradores que receberam os referidos valores.","Constatamos que as informações solicitadas anteriormente em sua manifestação encontram-se disponíveis no site do Ministério Público do Piauí, através do campo “TRANSPARÊNCIA” que está localizado no campo superior do site. Em caso de dúvida o senhor deverá entrar em contato diretamente com o setor de Recursos Humanos deste Ministério Público, pois o mesmo é responsável pela atualização dos dados. Segue abaixo o contato do referido setor, bem como o Link para acesso.
 
 
 
 RECURSOS HUMANOS- MPE- PI
 
 
 Rua Álvaro Mendes, nº 2294, centro, cep 64000-060, telefone (86) 3216-4550, ramal 4585, Teresina- PI.
 
 
 SITE- MPE- PI
 
 
 http://www.mp.pi.gov.br/internet/"
5,20/03/15,23/03/15,O 2º CONCURSO PÚBLICO PARA PROVIMENTO DOSSERVIDORES PÚBLICOS DO MPE/PI FOI PRORROGADO?,"De acordo com informações do setor de Recursos Humanos deste órgão, o concurso foi prorrogado até o mês de abril de 2016. Paramaiores informações sobre este assunto, orientamos que V. Sr.ª entre em contato diretamente com a Coordenadoria de Recursos Humanosdo Ministério Público, através do telefone: (86) 3216-4550 (ramal 4585), e-mail:recursoshumanos@mppi.mp.br."
6,28/03/15,30/03/15,"Gostaria de obter as seguintes informações com base na Lei 12.527:Qual foi o orçamento deste Ministério Público nos anos de 2012, 2013 e 2014? Solicito, ainda que sejam detalhados os montantesdestinados à compra de bens e à contratação de serviços e os montantes destinados ao pagamento de custos com recursos humanos.","Comunicamos o recebimento de seu pedido de informação ao tempo em que informamos que TODOS os dados solicitados referentes a2012,2013 e 2014 quanto ao orçamento e custos com recursos humanos se encontram disponíveis em nosso site através do Portal daTransparência-> Execução Orçamentária e Financeira, inclusive disponível em arquivos de fácil acesso.Informamos ainda que em caso de dúvida o senhor poderá entrar diretamente em contato com o setor de Recursos Humanos desteMinistério através do endereço: rua Álvaro Mendes, nº 2294, centro, cep 64000-060, telefone (86) 3216-4550, ramal 4585, Teresina- PI."
7,28/03/15,28/03/15,"Com base na Lei 12.527/2011 gostaria de obter os dados sobre a remuneração e proventos percebidos por todos os membros e servidoresativos, inativos, pensionistas e colaboradores deste Ministério Público referente aos meses de 2012, 2013 e 2014 em formato processávelpor máquina de modo que seja possível somar e verificar o valor anual dos valores mencionados, bem como identificar nominalmentemembros e servidores ativos, inativos, pensionistas e colaboradores que receberam os referidos valores.Os dados solicitados devem conter grau de detalhamento além do apresentado pela planilha de divulgação obrigatória instituída peloANEXO I do Art 7º, VII da Resolução CNMP 89/2012, conforme descrito abaixo:(i) os valores pagos sob a rubrica “Remuneração do cargo efetivo” devem ser detalhados e discriminados, de modo que se possadistinguir os valores pagos a título de (a) vencimento, (b) GAMPU, (c) adicional de qualificação e (d) outras verbas que compõem a referidarubrica.(ii) os valores pagos sob a rubrica “Outras verbas remuneratórias, legais ou judiciais” devem ser detalhados e discriminados, de modo quese possa distinguir os valores pagos a valores pagos a título de (a) VPNI, (b) adicional por tempo de serviço, (c) quintos e décimos e (d)vantagens decorrentes de sentença judicial ou extensão administrativa. No caso de haver algum valor pago à título de sentença judicial,pedimos fazer referência à sentença.(iii) os valores pagos sob a rubrica """"Indenizações"""" devem ser detalhados e discriminados, de modo que se possa distinguir os valorespagos a título de (a) auxílio-alimentação, (b) auxílio-transporte, (c) auxílio-moradia, (d) ajuda de custo e outras desta natureza.(iv) valores pagos sob a rubrica """"Remuneração eventual ou temporária"""" devem ser detalhados e discriminados, de modo que se possadistinguir os valores pagos à título de (a) função de confiança ou cargo em comissão, (b) gratificação natalina, (c) férias, (d) abono depermanência, nos termos da Resolução 89/2012 do CNMP.(v) Os Descontos Legais devem ser detalhados e discriminados, de modo que se possa distinguir os descontos realizados à títulos de (a)contribuição previdenciária, (b) imposto de renda, (c) retenção por teto constitucional;(vi) Valores pagos em atraso ou remunerações retroativas, nos termos da Resolução 89/2012 do CNMP, acrescentadas da devida motivaçãopara o pagamento e o mês a que se referem os pagamentos em atraso;",As informações solicitadas por V. Sr.ª estão disponibilizadas no Portal da Transparência do site deste Ministério Público do Estado doPiauí(www.mppi.mp.br):http://www.mppi.mp.br/internet/index.php?option=com_phocadownload&view=category&id=733&Itemid=245
8,20/04/15,22/04/15,Gostaria de saber se há previsão de data de concurso para estagiários na área de Direito.,"Comunicamos que foi prorrogado o prazo de validade do III Teste Seletivo para para admissão de estagiários de nível superior do Ministério Público do Piauí, pelo período de 01 (um) ano com resultado homologado pelo Egrégio Conselho Superior em decisão unânime publicada no Diário da Justiça nº 7.491, de 14 de abril de 2014.
 
 
 
 Para mais informações o senhor deverá entrar em contato diretamente com a Coordenação de Recursos Humanos deste Ministério Público através do endereço: rua Álvaro Mendes, nº 2294, centro, cep 64000-060, telefone (86) 3216-4550, ramal 4585, Teresina- PI."
9,22/04/15,23/04/15,"Senhores,me forneçam o e-mail da Promotora de Justiça da comarca de Padre Marcos.","Segue abaixo os contatos solicitados, bem como o endereço da Promotoria de Padre Marcos.
 
 
 E-mail- Promotoria de Padre Marcos: pj.padremarcos@mppi.mp.br
 
 E-mail Funcional- Promotora: Karine Araruna: karine_araruna@mppi.mp.br
 
 
 
 Promotoria de Justiça de Padre Marcos
 
 
 Rua Joaquim Rodrigues de Macedo, nº 05, fórum central, centro, cep 64680-000, telefone (89) 3431-1147/ 1145/ 1362, Padre Marcos- PI
 
 Segue abaixo os contatos solicitados, bem como o endereço da Promotoria de Padre Marcos.
 
 
 E-mail- Promotoria de Padre Marcos: pj.padremarcos@mppi.mp.br
 
 E-mail Funcional- Promotora: Karine Araruna: karine_araruna@mppi.mp.br
 
 
 
 Promotoria de Justiça de Padre Marcos
 
 
 Rua Joaquim Rodrigues de Macedo, nº 05, fórum central, centro, cep 64680-000, telefone (89) 3431-1147/ 1145/ 1362, Padre Marcos- PI"
10,24/04/15,28/04/15,"Sou advogado de uma das partes no processo 0012962-60.2014.8.18.0140, no qual a douta Magistrada abriu vistas ao MP. Conforme constano sistema, o processo encontra-se há um mês com a representante da nobre Instituição. Assim sendo, gostaria de saber se há algumnúmero para que eu possa entrar em contato com a 52ª Promotoria de Justiça de Família e Sucessões da Comarca de Teresina, PromotoraVerônica Rodrigues Sales, para saber alguma informação sobre a devolução do mesmo ao respectivo Juízo.","A 52ª Promotoria de Justiça está localizada na Rua 19 de novembro, nº 159, Edifício Carlos Estevam, Centro, Teresina-PI, CEP 64000-470.Telefone: (86) 3216-4550, ramal 4626.Entramos em contato hoje (28/04/2015) com a 52ª Promotoria, a qual nos informou que a previsão é que os autos do processo em telasejam despachados até amanhã (29/04/2015)."
11,7/5/15,8/5/15,"Olá, sou academico de Serviço social Bloco VII, e meu projeto de pesquisa é o processo de trabalho do assistente social no ministeriopublico do Piaui.. eu já entrevistei a nubia assitente social, queria saber qual o nome da Psicologa para que eu possa gerar o oficio em seunome e entrevista-la também, se não houver nenhum problema..","Comunicamos o recebimento de seu pedido de informação ao tempo em que informamos que a psicóloga deste Ministério público é a Sra.Liadra Nogueira Soares, que atualmente está lotada na Assessoria Técnica de Psicologia. Informamos ainda que caso necessite de maisinformações o senhor poderá entrar em contato diretamente com a mesma através do endereço do citado setor localizado na rua ÁlvaroMendes, nº 2294, centro, cep 64000-060, telefone (86) 3216-4550, ramal 4625, Teresina- PI."
12,11/05/15,12/5/15,"Prezado senhor,Estou preparando uma pesquisa para o setor de tecnologia da informação e gostaria de entrar em contato com o responsável por essa áreanesse ministério público.Por este motivo, solicito a gentileza de informar o nome, o email e o telefone desse profissional para que possamos entrar em contato.","Comunicamos o recebimento de seu pedido de informação, ao tempo em que informamos que atualmente a Coordenadora do Setor deTecnologia da Informação deste Ministério é a Sra. Anne Carolline Carvalho. Segue abaixo o contato funcional do setor e da Coordenadora.MPE-PISetor de Informática: rua Álvaro Mendes, nº 2294, 2º andar centro, cep 64000-060, telefone (86) 3216-4550, ramais 4807/ 4592 e 4601,Teresina- PI.E-mail funcional: carolinnecarvalho@mppi.mp.br"
13,26/5/15,28/05/15,gostaria de saber quantos estágiários o MP possui na cidade de Piracuruca e quando encerra a vigência do contrato de estágio.,"Comunicamos o recebimento de seu pedido de informação ao tempo em que informamos que entramos em contato com o setor deRecursos Humanos deste Ministério, onde nos repassaram que atualmente Piracuruca possui 01 estagiário de direito, e a vigência docontrato será até 2016.Informamos ainda que caso o senhor necessite de mais informações poderá entrar em contato diretamente com o setor citado através doendereço: rua Álvaro Mendes, nº 2294, centro, cep 64000-060, telefone (86) 3216-4550, ramal 4585, Teresina- PI."
14 (Registro 662/2015),11/05/15,15/06/15,"Gostaria, se possível, de fazer o levantamento de algumas informações:
 
 
 1. Número total de integrantes deste MP (considerando membros, servidores, cedidos e comissionados).
 Apenas o quantitativo total, sem nenhuma especificação.
 
 2. Número de servidores do Setor Pessoal/Recursos Humanos, com a discriminação das quantidades em cada subárea (seja divisão, gerência, seção, núcleo, unidade ou setor).
 Ou seja, a estrutura do setor pessoal, quantos servidores atuam em cada subárea do organograma.
  
  
 
 O levantamento está sendo feito para fins de comparação e redimensionamento do Setor Pessoal do MPRN.
 Agradeço a colaboração.","A manifestação em referência foi encaminhada através do Memorando de nº 006/2015-OMP/PI, à Coordenação de Recursos Humanos deste Ministério.
 
 
 
 
 Comunicamos a REITERAÇÃO da manifestação cadastrada nesta Ouvidoria sob o nº de atendimento 662/2015, Processo nº 83186 (Assunto: solicitação de informações) à Coordenação de Recursos Humanos deste Ministério,
 
 Comunicamos o recebimento do Memorando CRH nº 238/2015, da Coordenadoria de Recursos Humanos do MP-PI, o qual trata sobre o pedido de informação nº 662/2015.
 
 Quanto ao item ""1"" de tal pedido, a Coordenadoria de RH informa que o total de integrantes do MP-PI é de 503 (quinhentos e três) dentre membros, servidores, cedidos e comissionados.
 
 Quanto ao item ""2"", segue quantitativo:
 
 Coordenadoria de Recursos Humanos - 03
 Divisão de Administração de Pessoal - 06
 Assessoria Para Pagamento de Pessoal - 01
 Divisão de Cálculo - 01
 Divisão de Bem-Estar e Segurança do Trabalho – 0"
15 (Registro 674/2015),30/05/15,30/06/15,"Requeiro, com fulcro na Lei 12.527/2011, os seguintes dados:1 – Número de representações feitas a este Ministério Público relativas a transgressões aos dispositivos da Lei nº 7716/1989, que ""defineos crimes resultantes de preconceito de raça ou de cor"", ao crime previsto no Artigo 140, §3º (Injúria Racial) bem como do nãocumprimento e/ou transgressões à Legislação Étnico-racial brasileira, no período compreendido entre 2010 até o presente momento.2 – Dados relacionados ao número de oferecimento de denúncias relacionadas aos crimes supramencionados ao Poder Judiciário, bemcomo dos pedidos de arquivamento e de procedimentos em andamento.3 – Dados relacionados ao número de oferecimento de denúncias ao Poder Judiciário relacionadas a mortes decorrentes de intervençãopolicial, processadas no âmbito da atuação do controle externo da Polícia por parte deste MP, bem como dos pedidos de arquivamento eprocedimentos em andamento.","A manifestação em referência foi encaminhada hoje (02/06/2015), através do Ofício nº 159/2015-OMP/PI à Corregedoria-Geral do MP-PI.Comunicamos o recebimento do Ofício nº 1011/2015-CGMP/PI, o qual trata sobre o seu pedido de informação, cadastrado nesta Ouvidoria sob o nº de atendimento 674/2015. No referido Ofício, o Corregedor-Geral Substituto do MP-PI, Dr. Hosaias Matos de Oliveira, comunica que o sistema de relatório de atividades administrado pela Corregedoria-Geral dispõe das informações solicitadas no item 02, coletadas sob a nomenclatura ""crimes resultantes de preconceito de raça e de cor"", implantadas a partir do ano de 2013, de acordo com o anexo."
16 (Registro 687/2015),08/06/15,09/06/15,eu não consegui pegar o cartão aonde vai ser aplicado a prova do estagiário do mp.(Solicitação referente ao cartão de informações das inscrições dos candidatos ao estágio no MPPI.),"No site do Ministério Público do Estado do Piauí foi divulgada ontem (08/06/2015) uma nota informando que os cartões de informação, dosquais constam os locais e os horários de aplicação das provas, já estão disponíveis no sistema específico. Basta que o candidato acesse osistema (http://aplicativos.mppi.mp.br/estagiarios2015) e utilize o login e a senha cadastrados.http://www.mp.pi.gov.br/internet/index.php?option=com_content&view=article&id=4352:processo-seletivo-de-estagiarios-locais-de-prova-ja-estao-disponiveis&catid=224&Itemid=101Para maiores informações, orientamos que V. Sr.ª entre em contato diretamente com o servidor Francisco Carlos, do setor de RecursosHumanos do MP-PI, através do telefone (86)3216-4550 - ramal 4585"
17,02/06/15,01/07/15,"Solicitação de informação referente à parcela autônoma de equivalência- PAE, e valores a serem creditados no nome do manifestante.","Encaminhado Memorando de nº 008/2015 à Coordenação de Orçamento e Finanças do Ministério Público do Estado do Piauí. Reiterada solicitação através do Memorando de nº 009/2015 à supracitada Coordenação. Recebido Memorando de nº 78/2015 advindo da Coordenação de Contabilidade e Finanças encaminhando planilha de cálculo dos créditos relativos à Parcela Autônoma de Equivalência- PAE, a qual informa o total de créditos, os pagamentos já realizados e o saldo credor em favor do solicitante"
18,18/06/15,19/06/15,"Gostaria de saber se há previsão em chamar os candidatos aprovados no último concurso para servidor, especialmente, para a Comarcade Parnaíba.","Comunicamos o recebimento de seu pedido de informação ao tempo em que informamos que entramos em contato hoje, dia 19/06/2015,com a Coordenação de Recursos Humanos deste Ministério Público e a Coordenadora Adriana Ximenes, nos repassou a informação que,no momento, não há previsão de chamar os candidatos aprovados no último concursos, apenas as reposições em virtude de exoneraçõese vacâncias.Caso necessite de mais informações o senhor deverá entrar em contato diretamente com a referida Coordenação através do endereço: ruaÁlvaro Mendes, nº 2446, centro, cep 64000-120, telefone (86) 3216-4550, ramal 4585, Teresina- PI."
19,22/06/16,23/06/15,QUANDO VAI SAI A LISTA DOS CLASSIFICADO DE ESTAGIÁRIO .,"O resultado do Processo seletivo para estagiários do MP-PI já está disponível no site desta Instituição. Segue, abaixo, o link:
 http://www.mppi.mp.br/internet/index.php?option=com_content&view=article&id=4385:ministerio-publico-divulga-resultado-final-do-processo-seletivo-para-estagiarios&catid=224&Itemid=101"
20,25/06/15,09/07/15,"Solicitação de lista de classificados do concurso do MPPI- Ano 2011, para o cargo de Analista Processual- Comarca Teresina- PI.)Gostaria de solicitar a lista de classificados para o cargo de analista processual - Comarca de Teresina em ordem de classificação numérica","Segue em anexo, a lista de classificados para o cargo de analista processual - Comarca de Teresina referente ao concurso do MP/PI, conforme solicitado. Caso a senhora necessite de mais informações deverá entrar em contato diretamente com o setor de Recursos Humanos deste Ministério Público através do endereço: rua Álvaro Mendes, nº 2294, centro, cep 64000-060, telefone (86) 3216-4550, ramal 4585, Teresina- PI."
21,06/07/15,07/07/17,"GOSTARIA DE SABER GUANDO SAIRÁ O RESULTADO DA HOMOLOGAÇÃO DO TESTE PARA ESTAGIÁRIO DO MINISTÉRIO PUBLICO DO
 PIAUÍ, É PORQUE FIQUEI CLASSIFICADA EM PRIMEIRO LUGAR PARA CAPITÃO DE CAMPOS.","Comunicamos o recebimento de seu pedido de informação ao tempo em que informamos que entramos hoje, dia 07/07/2015 em contato com a Secretária Administrativa deste Ministério, e nos foi informado que o resultado da homologação do teste seletivo para estagiários saiu dia 26 de junho do corrente ano e que provavelmente será divulgado na próxima reunião do Conselho de Procuradores deste Ministério prevista para o mês de agosto.Foi informado ainda que caso a senhora necessite de mais informações deverá entrar em contato diretamente com a referida Secretaria através do endereço: rua Álvaro Mendes, nº 2294, centro, cep 64000-060, telefone (86) 3216-4550, ramal 4582, falar com Laura, Teresina- PI."
22,09/07/15,10/07/15,Gostaria de saber quantos cargos vagos existem atualmente nos quadros do MP para o cargo de analista ministerial- area processual nacomarca de Teresina,"Comunicamos o recebimento de sua manifestação ao tempo em que informação que a senhora poderá coletar as informações referentes ao quantitativo de cargos vagos, bem como outras informações referentes a este Ministério Público acessando nosso portal através do menu: Transparência- Gestão de Pessoas. Segue abaixo o atalho.
 
 
 SITE- MPE/PI
 
 http://www.mp.pi.gov.br/internet/
 
 
 
 Para mais informações a senhora poderá ainda entrar em contato diretamente com o Setor de Recursos Humanos deste Ministério através do endereço: rua Álvaro Mendes, nº 2294, centro, cep 64000-060, telefone (86) 3216-4550, ramal 4585, Teresina- PI.
 
 E-mail: recursoshumanos@mppi.mp.br"
23,24/07/15,01/09/15,"Com base na Lei 12.527, gostaria de obter as seguintes informações: qual é o tempo de serviço médio de promotores e procuradores e amédia da idade de aposentadoria, em base anual (de 1995 a 2014) e em planilha em formato aberto?","A manifestação em referência foi encaminhada através do Memorando nº 11/2015-SIC/PI, à Coordenação de Recursos Humanos do MP/PI.
 
 
 Logo que tivermos maiores informações, voltaremos a entrar em contato. O senhor também poderá entrar em contato diretamente com a referida Coordenação, que está localizada na rua na Rua Álvaro Mendes, 2294, Centro, CEP 64000-060, Teresina- PI, Telefone: (86) 3216-4550, ramal 4585, Teresina- PI.
 
 Comunicamos a REITERAÇÃO de seu pedido de informação referente ao tempo de serviço de Promotores e Procuradores de Justiça deste Ministério, através do Memorando de nº 15/2015 à Coordenação de Recursos Humanos do MP/PI.
 
 Comunicamos o recebimento do memorando de nº 362/2015, advindo do Setor de Recursos Humanos deste Ministério, solicitando prorrogação do prazo para resposta referente a solicitação de informação sobre o tempo de serviço médio de Promotores e Procuradores deste Ministério e a média da idade de aposentadoria dos mesmos, tendo em vista a ausência de informatização de dados referentes aos inativos.
 
 Em atenção à sua manifestação, cadastrada nesta Ouvidoria sob o nº de atendimento 761/2015, comunicamos o recebimento do Memorando nº 400/2015-CRH, da Coordenadoria de Recursos Humanos do MP-PI, encaminhando a planilha em formato aberto (em anexo) contendo a relação de membros do Ministério Público que foram aposentados durante o período de 1995 a 2014."
24,11/08/15,11/08/15,"Gostaria de saber se está disponível, ao exemplo de outros estados da federação, o serviço de inclusão de cadastro para bloqueio de telemarketing para números telefônicos no estado do Piauí.","Comunicamos o recebimento de seu pedido de informação ao tempo em que informamos que entramos em contato hoje, dia 11/08/2015, com o Programa de Defesa do Consumidor- PROCON, onde nos foi repassado que atualmente o setor citado não possui o tipo de serviço em questão, porém está sendo realizada uma análise para verificar a possibilidade de implementação futura.
 
 
 Caso necessite de mais informações orientamos o senhor a entrar em contato diretamente com o Procon, através do endereço: rua Álvaro Mendes, nº 2294, centro, cep 64000-060, telefone (86)3216-4550, ramais: 4558/ 4555 e 4553, Teresina- PI."
25,18/08/15,20/11/15,"Bom dia, possuo um contrato de compra e venda junto a Patrimônio Construções e Empreendimentos e recebi uma cobrança extrajudiciale nela fala sobre um TAC(000148-002/2014) celebrado junto ao MP e gostaria de ter acesso ao mesmo para tomar conhecimento do teor etomar as decisões que achar necessário.","Conforme solicitado, segue em anexo, o Termo de Ajustamento de Conduta relacionado ao Processo Administrativo de nº 000148-002/2014. Caso necessite de mais informações orientamos o senhor a entrar em contato diretamente com o Programa de Defesa do Consumidor- Procon, através do seguinte endereço: Rua Álvaro Mendes, 2294, Centro, CEP 64000-060, Teresina- PI, Telefone: (86) 3216-4550, ramais 4558/4555/4604.
 
 e-mail: procon@mppi.mp.br
 e-mail: procon@mp.pi.gov.br"
26,19/08/15,24/08/15,Gostaria de saber quantos técnicos ministerial foram convocados para a cidade de José de Freitas?,"Comunicamos o recebimento de seu pedido de informação ao tempo em que informamos que entramos em contato com o setor deRecursos Humanos deste Ministério e foi repassado que até o momento foi convocado 01 (um) candidato, para o cargo de TécnicoMinisterial, Área Administrativa, sendo este o servidor Antônio Francisco dos Santos Lima.Caso a senhora necessite de mais informações deverá entrar em contato diretamente com o setor citado através do endereço: rua ÁlvaroMendes, nº 2294, centro, cep 64000-060, telefone (86) 3216-4550, ramais 4585/4616, Teresina- PI."
27,21/07/15,04/08/15,Pedido de Informação referente à execução orçamentária e limite prudencial do Ministério Público do Estado do Piauí dos anos 2010 a 2015.,"A manifestação em referência foi encaminhada através do Memorando nº 10/2015-SIC/PI, à Coordenação de Orçamento e finanças deste Ministério Público do Piauí.
 Em resposta ao requerimento formulado referente ao pedido de informação sobre execução orçamentária e limite prudencial, encaminhamos em anexo, memorando de nº 109/2015, advindo da Coordenadoria de Contabilidade e Finanças deste Ministério Público, com as devidas informações.
 Comunicamos o recebimento do ofício de nº 091.09/2015 com a devida explicação do item 03, referente ao pedido de informação anteriormente encaminhado através do Memorando de nº 10/2015- SIC/MPPI à Coordenação de Orçamento e Finanças deste Ministério. Ressaltamos que a presente explicação foi encaminhada à Coordenação de Orçamento através do Memorando de nº 017/2015- SIC/MPPI, para tomada de providências."
28,06/09/15,08/09/15,"Com a prorrogação da validade do concurso referente ao EDITAL Nº 1 – MPE/PI, DE 7 DE OUTUBRO DE 2011, gostaria de saber se aindaexiste possibilidade de serem nomeados mais candidatos tendo em vista que até agora foram poucas nomeações.Concorri para cargo de nível superior, CARGO 8: ANALISTA MINISTERIAL – ÁREA: PROCESSUAL, e observei que foram poucas asNomeações.Acredito que o MPE do Piauí necessite de servidores para auxiliarem os membros deste órgão, pois, do contrário, não teria realizado ocertame.","De acordo com a Coordenadoria de Recursos Humanos deste Ministério Público, até o momento, não há previsão de novas nomeações, salvo nos casos de vacâncias dos cargos já ocupados (reposição)."
29,15/10/15,20/10/15,"Cumprimentado-os cordialmente, solicitamos nos seja encaminhada, com a maior brevidade possível, relação de membros (nome, e-mail e telefone funcional) que atuam com improbidade administrativa nessa unidade ministerial a fim de constituir um canal para troca de informações com esta CCAF/CNMP - Comissão de Controle Administrativo e Financeiro do Conselho Nacional do Ministério Público. Não é necessária a relação de todos os promotores que atuam na área, somente os coordenadores.","Conforme solicitação recebida hoje, dia 20/10/2015, comunicamos abaixo as informações solicitadas.
 
 
 CENTRO DE APOIO OPERACIONAL DE COMBATE À CORRUPÇÃO E DEFESA DO PATRIMÔNIO PÚBLICO- CACOP
 
 COORDENADORA DO CACOP- PROMOTORA DE JUSTIÇA EVERÂNGELA ARAÚJO BARROS
 
 CONTATO- (86) 3216-4550, RAMAIS 4568 E 4562
 
 E-MAIL FUNCIONAL: everangela@mppi.mp.br"
30,18/11/15,18/11/15,"Solicitação de repasse de questionários aos Membros do Mistério Púbico do Estado do Piauí referente à Participação do Ministério Público na Construção da Democracia no Brasil.
 
 Excelentíssimos(as) Senhor(as) Promotor(as) de Justiça,
 
  
 
 O CRISP (Centro de Estudos de Criminalidade e Segurança Pública) gostaria de honrosamente convidar os promotores a responderem um questionário importante da pesquisa ""A participação do Ministério Público na construção da democracia no Brasil"", que está disponível no link em:
 
 https://fluidsurveys.com/s/ministeriopublico/
 
 O Objetivo da pesquisa segue logo abaixo:
 
  Compreender quem são os promotores e procuradores de justiça.
  Como atuam nas áreas de controle externo da atividade policial, supervisão da execução da pena privativa de liberdade, proteção e garantia dos direitos difusos individuais e coletivos.
  De que maneira avaliam a percepção dos beneficiários de sua ação e o funcionamento das instituições que compõem o sistema de justiça.","Comunicamos o recebimento de seu e-mail, ao tempo em que informamos que o mesmo foi encaminhado à lista de e-mail funcional dos membros deste Ministério Público do Piauí, conforme orientação do setor de Imprensa e Comunicação deste Ministério. Caso persistam as dúvidas de como proceder, o senhor deverá entrar em contato diretamente com o citado setor através do endereço abaixo.
 
 
 Rua Álvaro Mendes, nº 2294, centro, cep 64000-060, telefone (86) 3216-4550, ramais 4579/ 4635/ 4576. E-mail: imprensa@mppi.mp.br comunicacao@mppi.mp.br cerimonial@mppi.mp.br"
31,24/11/15,20/01/16,"O Sindicato dos Servidores do Ministério Público do Estado do Rio Grande do Sul - SIMPE/RS, vem por meio deste solicitar relação completa em formato de excel, dos nomes de servidores de provimento efetivo e seus emails funcionais.Encaminhamos em anexo a lista completa dos nomes dos servidores de provimento efetivo deste Ministério, bem como seus e-mails funcionais.","Encaminhamos em anexo a lista completa dos nomes dos servidores de provimento efetivo deste Ministério, bem como seus e-mails funcionais. Caso necessite de mais informações deverá entrar em contato diretamente com o setor de Tecnologia da Informação através do endereço: rua Álvaro Mendes, nº 2294, cep 64000-060, telefone (86) 3216-4550, ramais: 4807/ 4711, Teresina- PI."